,Date,Adj Close
0,0,30.0
1,1,29.69893296224923
2,2,29.646826613598744
3,3,29.752438034023672
4,4,29.615282975695045
5,5,29.345214969220887
6,6,29.27270271657541
7,7,29.73591421430897
8,8,30.405777255924445
9,9,30.53322633369932
10,10,29.939245525780024
11,11,30.23014290109812
12,12,30.633711670164843
13,13,30.455801125280747
14,14,30.643919558202313
15,15,30.101190480321197
16,16,30.431695059062093
17,17,30.63265295897906
18,18,30.66003844375557
19,19,31.25656503323479
20,20,30.74934244047488
21,21,30.328243415227952
22,22,30.241987888803443
23,23,30.181568959968693
24,24,30.4095451341697
25,25,30.433607412358757
26,26,30.32799067016016
27,27,30.283414909410613
28,28,29.83158728506757
29,29,29.596423265602514
30,30,29.84632234498237
31,31,30.304172662597306
32,32,30.29655784846605
33,33,30.584466246255563
34,34,31.318560454542897
35,35,31.121939140100434
36,36,31.408600565917386
37,37,30.871610967906303
38,38,30.921090760519135
39,39,31.165477677443146
40,40,31.30703761220437
41,41,31.250582099286888
42,42,30.652673535499865
43,43,30.29653000475757
44,44,30.513370303974742
45,45,30.521503821075175
46,46,30.527177991326294
47,47,30.9573363090941
48,48,31.177091998075323
49,49,31.39617285043489
50,50,31.432080444990778
51,51,31.18365266050844
52,52,31.475117786035792
53,53,30.81953572782164
54,54,31.0087875200857
55,55,31.536159166928066
56,56,31.299965138909958
57,57,31.083290639378927
58,58,30.816208471109846
59,59,30.53283662869085
60,60,30.524685399381948
61,61,30.843825723742093
62,62,30.633972659524808
63,63,30.816401471490636
64,64,30.324028620124405
65,65,30.45704137003492
66,66,30.64657055843823
67,67,30.929526367142017
68,68,30.598140902825595
69,69,30.725768889693207
70,70,31.106527295783756
71,71,30.95714439927614
72,72,31.38657307552442
73,73,31.696233997620425
74,74,31.643348161594176
75,75,31.736874255214296
76,76,31.549331197946447
77,77,31.312924647131823
78,78,31.042580461631147
79,79,30.802773648136338
80,80,31.063615067324303
81,81,31.08338677004953
82,82,31.28534297569199
83,83,31.631818237102813
84,84,32.093866701382744
85,85,31.91250518285144
86,86,31.81302358465329
87,87,32.419148605425114
88,88,32.653707054154665
89,89,32.84553445606532
90,90,33.20026615412066
91,91,33.23004345871322
92,92,33.74663497778866
93,93,34.28449267701543
94,94,34.473525657502925
95,95,34.524949585999266
96,96,34.85628576259409
97,97,34.86668989608073
98,98,35.30901533507487
99,99,34.804715394479366
100,100,34.48939859918794
101,101,33.996806948113914
102,102,34.00470138956724
103,103,33.57940886802497
104,104,33.4715221804876
105,105,33.393641427612536
106,106,33.91394105503581
107,107,33.79586907818372
108,108,33.687211968203755
109,109,33.64721179834019
110,110,34.44749606439643
111,111,34.715224914207205
112,112,35.29473941502028
113,113,35.426957892319635
114,114,35.36419302114869
115,115,35.32522223591549
116,116,35.40809959856149
117,117,34.94761189989495
118,118,35.00764450652888
119,119,34.58424457601142
120,120,34.3140136853947
121,121,33.96073448103165
122,122,33.7440883879428
123,123,33.367112136994834
124,124,33.144005517943114
125,125,32.857662627339415
126,126,32.95212894643413
127,127,33.273831638830565
128,128,33.204704171898705
129,129,33.0186798434982
130,130,33.1976581361103
131,131,33.15637816586355
132,132,33.073019629925774
133,133,32.937690879958154
134,134,33.61438705721813
135,135,33.51849330466442
136,136,33.73499832314483
137,137,33.82402371590814
138,138,33.843944127116295
139,139,33.20083424597425
140,140,33.36167698317847
141,141,33.10086323450477
142,142,32.7431507224999
143,143,32.471122022344645
144,144,32.51746619359069
145,145,32.337697764986935
146,146,32.46713497018093
147,147,32.841916088258984
148,148,32.538115985748746
149,149,32.54006141881326
150,150,32.570865718507406
151,151,32.56611252775567
152,152,32.352413958804995
153,153,31.835813470434495
154,154,31.784881113005188
155,155,31.70657305115405
156,156,31.72996235518287
157,157,31.660466718867884
158,158,31.5142200114657
159,159,31.19414968038205
160,160,31.71256581451161
161,161,32.08005495392152
162,162,32.5186149729811
163,163,33.146062990880466
164,164,32.45972996883953
165,165,32.465770263121065
166,166,32.18191977116549
167,167,32.35012646838804
168,168,32.15773038264014
169,169,32.0144534291983
170,170,31.814927805313353
171,171,32.086785881432846
172,172,31.930600084997018
173,173,32.01992308590428
174,174,32.15264273846712
175,175,32.56144105957646
176,176,33.18461027948433
177,177,33.1115493659137
178,178,33.256070481213456
179,179,33.08061348352431
180,180,33.2542282049652
181,181,33.08188293063849
182,182,33.40406296202085
183,183,33.57925200360434
184,184,32.72946055149892
185,185,32.595504981677124
186,186,32.50431540108738
187,187,32.137731245058696
188,188,32.37375795763866
189,189,32.06152768644897
190,190,32.109009731203535
191,191,31.781553839791506
192,192,31.30602680844073
193,193,31.51081824716437
194,194,31.642228776690857
195,195,31.32350487915661
196,196,31.501434750716015
197,197,31.498905793275867
198,198,31.512814881798345
199,199,30.843224698040057
200,200,30.81549603473122
201,201,30.997979203084004
202,202,30.868218243035226
203,203,30.920891741896785
204,204,30.259345458706882
205,205,30.1068318921999
206,206,30.391410128643585
207,207,30.446022610654342
208,208,29.78606065408457
209,209,29.094271082757455
210,210,28.479155775993743
211,211,28.19950825101413
212,212,28.113068872915232
213,213,28.460637068169635
214,214,27.917409140391648
215,215,27.42933343620716
216,216,27.584194635882497
217,217,27.483065582055335
218,218,27.341117332735074
219,219,27.61443705168613
220,220,27.970417156890065
221,221,27.75806130063208
222,222,27.881919134730108
223,223,28.21967299322887
224,224,28.147455668737184
225,225,28.3440167977524
226,226,28.402308155765137
227,227,28.419314203672492
228,228,28.688596166524132
229,229,28.426665201734487
230,230,28.65405754058292
231,231,28.585673241156623
232,232,28.55585972675969
233,233,28.52391728905658
234,234,28.585695320947437
235,235,28.480763374261887
236,236,28.584254322580893
237,237,28.916711003966984
238,238,28.89859441786801
239,239,28.324027364169364
240,240,28.43896487476418
241,241,28.294600660904926
242,242,28.798231101578775
243,243,28.765331911614897
244,244,29.190069518812212
245,245,28.91717299150719
246,246,28.760192582141112
247,247,28.82299047794678
248,248,28.767924740921842
249,249,29.120835986746087
250,250,28.618333455972085
251,251,29.356200948852827
252,252,29.938689905133344
253,253,29.916793597061275
254,254,29.711817980632198
255,255,30.30950065535739
256,256,30.61130769787725
257,257,30.68991320725302
258,258,30.395471657610436
259,259,30.851452734093556
260,260,30.36068606338386
261,261,30.70244874092241
262,262,30.746565112664427
263,263,30.849347009902427
264,264,31.364909654844546
265,265,31.919513346185276
266,266,31.789724665827073
267,267,31.570537311897755
268,268,31.202065102222626
269,269,31.641933822251072
270,270,31.107808263966053
271,271,30.931202398153072
272,272,30.424083682593704
273,273,30.103795351514137
274,274,30.096486367663445
275,275,30.286767162460592
276,276,29.648345668517116
277,277,30.288457980134904
278,278,30.4143459172053
279,279,31.142821992608653
280,280,31.206308569276107
281,281,31.096728061889035
282,282,30.901432845915217
283,283,30.834893365135066
284,284,30.556294590488392
285,285,30.920063550400226
286,286,31.05701753596212
287,287,30.19034165073636
288,288,29.805711517048046
289,289,29.81078981930176
290,290,29.1981277560894
291,291,29.42246178868555
292,292,29.782605845147277
293,293,29.995435916325047
294,294,29.843824356632673
295,295,29.928591133982028
296,296,29.8987592257543
297,297,29.84118582413424
298,298,29.498697830563124
299,299,28.8579047374901
300,300,28.302660538872935
301,301,28.639931594773003
302,302,28.760842269263957
303,303,28.678570421765496
304,304,28.6625577971152
305,305,28.73657126884413
306,306,28.633963443087225
307,307,29.355478947862622
308,308,29.24024411771025
309,309,29.329635760105205
310,310,29.704657476154818
311,311,29.42494761555756
312,312,29.24162542840152
313,313,29.31816262296148
314,314,29.91495526157573
315,315,30.26545077526577
316,316,29.850173816418934
317,317,29.21051599774554
318,318,28.940398234088267
319,319,29.557717697886154
320,320,29.9411050490166
321,321,29.935948062268753
322,322,30.022558685771145
323,323,30.26127559335372
324,324,29.96729142189885
325,325,29.618213770828813
326,326,29.343986919161782
327,327,28.977761256109773
328,328,28.874084067204464
329,329,29.183059994797922
330,330,29.445113639015858
331,331,29.781209205272216
332,332,30.26315112703123
333,333,30.266681016675562
334,334,30.370190035216442
335,335,30.06275388894097
336,336,30.54305297066829
337,337,30.20347977019385
338,338,30.585083690267712
339,339,30.28101386311176
340,340,30.284665595961762
341,341,29.920021162780507
342,342,29.92668518309819
343,343,29.419507012753744
344,344,30.074620508429792
345,345,29.869011845841452
346,346,29.366747311178955
347,347,29.365113563423385
348,348,28.72346997254806
349,349,28.210840418564512
350,350,27.998776019443667
351,351,28.415864318094947
352,352,28.26730437139188
353,353,28.726348971720263
354,354,28.322775614972965
355,355,27.976038237271997
356,356,28.04371664335616
357,357,28.038121160134633
358,358,28.173256493454854
359,359,28.187886221689194
360,360,28.3214200776485
361,361,28.300259555232522
362,362,28.254489070839654
363,363,28.401056092070334
364,364,28.34998544844188
365,365,28.549513170639404
366,366,28.381658694686575
367,367,27.920156418824234
368,368,28.240591352889542
369,369,27.63254759693417
370,370,26.83279348294003
371,371,26.670682245643572
372,372,26.457791162991434
373,373,26.409392201332313
374,374,26.633609642860968
375,375,26.520431127547734
376,376,26.221454045343354
377,377,26.558853665839045
378,378,26.463194793254303
379,379,26.421020159997276
380,380,25.863525414558527
381,381,26.408479233333495
382,382,26.70108165500755
383,383,26.313247341236856
384,384,26.448797118160115
385,385,26.551967336201216
386,386,26.527583719313377
387,387,26.922310564967393
388,388,27.32313417880314
389,389,27.68254254673827
390,390,27.768336288617157
391,391,27.48909227183449
392,392,27.181383630226808
393,393,27.4733424599258
394,394,27.449997347098247
395,395,27.625816046708334
396,396,28.05209170265833
397,397,28.28621976011283
398,398,28.56597241390557
399,399,28.357994428704203
400,400,28.3976905549551
401,401,28.342941995662965
402,402,28.46830548469827
403,403,28.282235890336686
404,404,28.489358629630956
405,405,28.39919758553988
406,406,28.20116641018518
407,407,27.890503083958983
408,408,27.32927089059373
409,409,27.454945305309092
410,410,27.245105306338317
411,411,27.396738008593807
412,412,27.247107538594186
413,413,27.34022276827638
414,414,27.364810925167088
415,415,27.473946110222744
416,416,27.52872120400265
417,417,27.468295267130554
418,418,27.313654453971004
419,419,27.326097595310706
420,420,27.543424605309628
421,421,27.806933164067758
422,422,27.832047350591598
423,423,28.037072994415926
424,424,28.160049734365696
425,425,27.884066878873874
426,426,27.349966281712902
427,427,27.21907413350118
428,428,27.452952073718386
429,429,27.18947626852781
430,430,27.20549505519658
431,431,26.874298985094047
432,432,26.687627088861177
433,433,27.307101734276
434,434,27.264858264011295
435,435,27.381993958378047
436,436,27.07442037905086
437,437,26.65871254585666
438,438,26.645604948452064
439,439,26.73870683943583
440,440,26.80169249827684
441,441,27.238414599141766
442,442,27.290969136359486
443,443,27.63537181440045
444,444,27.24783033541729
445,445,27.367105777083033
446,446,27.316878439211845
447,447,27.75372465224129
448,448,27.833513267472917
449,449,27.77911820673729
450,450,27.739679802756992
451,451,27.465482920720067
452,452,26.92938413932131
453,453,26.52615480699676
454,454,26.075275551253416
455,455,26.07900327216248
456,456,25.91991680556389
457,457,25.65301491986329
458,458,25.370332456546343
459,459,24.978052948207406
460,460,24.980251141194742
461,461,24.870293478725753
462,462,24.830576409799445
463,463,24.76050849716291
464,464,25.06938823243538
465,465,25.119489683515358
466,466,24.885536395698647
467,467,24.961891661109185
468,468,24.829150718313446
469,469,24.514951937770252
470,470,24.810908463961137
471,471,24.746094792514693
472,472,24.63425424781316
473,473,24.77235135988332
474,474,24.829700343816345
475,475,24.543176158955262
476,476,24.77027809456683
477,477,24.628249088028078
478,478,24.83817401218828
479,479,24.81557507407678
480,480,24.900133311208055
481,481,25.315284655634045
482,482,25.28422231313683
483,483,25.427003058447504
484,484,25.37230680979857
485,485,24.85484849306368
486,486,25.13681440683232
487,487,25.49447211293951
488,488,25.444601187096847
489,489,25.654349946371994
490,490,25.724411200268165
491,491,25.85748127601249
492,492,26.182674674543644
493,493,26.186890233774886
494,494,26.44226504208559
495,495,26.3186507235669
496,496,26.552697990862477
497,497,26.831301787072846
498,498,26.453017243484826
499,499,26.78158293858987
500,500,26.690013958681693
501,501,26.464749496129347
502,502,26.572218192957312
503,503,26.620480422924448
504,504,27.05471754973331
505,505,27.171358918570796
506,506,27.21047467986949
507,507,27.43399538669057
508,508,27.498732733334478
509,509,26.972428535695588
510,510,26.891039860378715
511,511,26.953608046710382
512,512,27.120332118144628
513,513,27.1850033316479
514,514,27.160527461112363
515,515,26.949940919979905
516,516,26.711010050391963
517,517,26.564724480799708
518,518,26.692111621877082
519,519,26.297056502606793
520,520,26.350866507467543
521,521,26.59973123326537
522,522,27.049478469936126
523,523,26.994951471643382
524,524,26.897076311231256
525,525,27.10422104284033
526,526,27.396995631681506
527,527,27.766372510238092
528,528,28.010693800277473
529,529,28.249573021440934
530,530,28.367699425161312
531,531,28.383551477059004
532,532,28.035350601377626
533,533,28.161827353465966
534,534,27.869173986506482
535,535,27.501275512471693
536,536,27.395458629715485
537,537,27.163229550838253
538,538,27.417324822543026
539,539,27.857241821041512
540,540,28.08305645435492
541,541,28.074630001368437
542,542,28.06843963771877
543,543,27.882709562011332
544,544,27.261168689249228
545,545,27.389168077544827
546,546,27.757302515750926
547,547,27.546125271790626
548,548,27.34032806280978
549,549,27.588094373302606
550,550,27.352578576687176
551,551,27.506181037790824
552,552,27.573713271231775
553,553,28.210747540274284
554,554,28.460484449358592
555,555,28.78416319330512
556,556,29.0347790686797
557,557,29.020719553869977
558,558,28.762851445399484
559,559,28.683651446132863
560,560,28.342147002607444
561,561,28.17631250088157
562,562,28.049599987672444
563,563,27.709544926626958
564,564,27.83319933900621
565,565,27.93831276095552
566,566,28.130649766486457
567,567,28.30207868189264
568,568,28.557812116818504
569,569,28.79890945221709
570,570,28.18964159925063
571,571,28.230624242226884
572,572,28.583479404881146
573,573,28.836701350129598
574,574,28.590545905813876
575,575,28.771942765795583
576,576,28.52065903926176
577,577,28.716075750393337
578,578,29.13364373787766
579,579,29.164941889660827
580,580,29.450587997378054
581,581,29.063339068503154
582,582,28.78854876775727
583,583,29.358770927086162
584,584,29.103062182272826
585,585,28.76044090870748
586,586,28.621491768393692
587,587,28.47735819454942
588,588,28.38044044035991
589,589,28.348686089056685
590,590,28.187400557859263
591,591,28.27485798847032
592,592,28.664901181221648
593,593,28.549404757038847
594,594,28.6128251343831
595,595,28.836989871761467
596,596,29.375446343186596
597,597,29.25188884437207
598,598,28.862042526014086
599,599,27.950446254347685
600,600,27.240336247586576
601,601,27.424580957732395
602,602,27.34572174656736
603,603,27.16799793726441
604,604,26.81315767779748
605,605,26.769057548920628
606,606,26.70056296026886
607,607,26.935056757540075
608,608,26.884595395342775
609,609,27.255452167033784
610,610,27.268255671361427
611,611,27.480772557941233
612,612,27.193275834251082
613,613,27.10242345608627
614,614,27.36514863792695
615,615,27.282108893220432
616,616,27.313727676245314
617,617,27.28063583343141
618,618,27.032530355067696
619,619,27.327862739837002
620,620,27.53613616411422
621,621,27.469554681773005
622,622,27.47334559302526
623,623,27.51878972884432
624,624,27.149805591863178
625,625,27.15767039745266
626,626,27.148612003180858
627,627,27.56394849866163
628,628,27.720043831534266
629,629,27.911630315919208
630,630,28.076732918839163
631,631,27.98068651044908
632,632,27.738784586139392
633,633,27.73535835930228
634,634,28.024046783325083
635,635,28.30678766165127
636,636,27.86587189975218
637,637,28.021257663153932
638,638,28.00687051396845
639,639,28.381357123882555
640,640,28.09381783068712
641,641,28.30133722596246
642,642,28.165152684208703
643,643,28.071928220837563
644,644,28.162369578215532
645,645,28.449583180735885
646,646,28.864776573319606
647,647,28.78519307326274
648,648,29.007020754280237
649,649,29.436350810346674
650,650,29.242058752182697
651,651,29.68985030074941
652,652,29.770046207640338
653,653,30.05910720976726
654,654,30.24022450276736
655,655,29.678406039294583
656,656,29.59264505563981
657,657,29.711009423140535
658,658,29.130197256223028
659,659,29.099513100055248
660,660,29.177538675778056
661,661,29.11123282018476
662,662,29.812991926598198
663,663,30.209786857581616
664,664,29.68124439096439
665,665,29.597296039969763
666,666,29.631021762299856
667,667,29.329549667424473
668,668,29.361968577582484
669,669,29.339734298186567
670,670,29.216281760108306
671,671,29.513559142391916
672,672,29.172022154519187
673,673,28.739180723436352
674,674,28.851776219434726
675,675,28.9335143365667
676,676,28.475087591698603
677,677,28.933053559611967
678,678,29.049292763051938
679,679,28.736259687533014
680,680,28.90724258048284
681,681,28.596576802755138
682,682,28.11010818575817
683,683,28.14278730308133
684,684,28.333669849349505
685,685,28.37270637866725
686,686,28.208070907637598
687,687,28.608626874522372
688,688,28.61465479436163
689,689,28.110771815616303
690,690,28.33402289171616
691,691,28.350715663438507
692,692,28.707143179793643
693,693,28.78426342585325
694,694,28.667132320786624
695,695,28.39854063074716
696,696,28.203515952099725
697,697,28.20805373504302
698,698,28.176672957935406
699,699,27.99252686515015
700,700,28.240932007979904
701,701,28.582399719493715
702,702,28.3555600466737
703,703,28.21835574191908
704,704,28.266624913908345
705,705,28.13393210035579
706,706,28.301827916506483
707,707,27.842648348044502
708,708,27.760163881260183
709,709,27.897812407466546
710,710,28.395938529455385
711,711,28.35663898911997
712,712,28.693944895600957
713,713,28.884177893860766
714,714,28.659482918054636
715,715,28.240801608147013
716,716,28.311525649012644
717,717,28.6331763550054
718,718,28.242615381150824
719,719,28.28974683322593
720,720,27.93299994135828
721,721,27.834449258489954
722,722,27.577365776077237
723,723,27.520954059175157
724,724,27.774929267593958
725,725,27.53334655141147
726,726,27.40796749031042
727,727,27.53608285511839
728,728,27.649969749469804
729,729,27.182776327580402
730,730,27.17683799094837
731,731,27.23277495786036
732,732,27.042670438128916
733,733,26.86111280141686
734,734,26.898306021501046
735,735,26.979061132554158
736,736,26.899553215708494
737,737,26.301797233210635
738,738,26.654567530734607
739,739,26.823091255457875
740,740,26.935545106362156
741,741,26.848950154208705
742,742,26.668268238613454
743,743,26.172018493956674
744,744,26.03886190439901
745,745,26.406052373944807
746,746,26.14977146901475
747,747,26.40572387214468
748,748,26.619257157636802
749,749,26.4730108113747
750,750,26.462551424542223
751,751,26.14629338520188
752,752,26.002752060317825
753,753,26.153563032649128
754,754,25.90072525488991
755,755,25.824333464558833
756,756,25.95080477674681
757,757,25.927979657059005
758,758,25.781708942831763
759,759,25.958239580545687
760,760,25.99899705416289
761,761,26.130257672050238
762,762,25.750313198200246
763,763,25.7576943665488
764,764,25.5271956750165
765,765,25.213436874232602
766,766,25.108238712348456
767,767,24.962775602344504
768,768,24.909324932525134
769,769,25.309192827028582
770,770,25.153712801418845
771,771,25.34578618428887
772,772,25.123859422533798
773,773,25.11151710848097
774,774,24.695562895300924
775,775,24.800216042149078
776,776,24.350993608686302
777,777,24.63121094416775
778,778,24.07211108610414
779,779,24.33546982287905
780,780,24.475501645902142
781,781,24.63124760723676
782,782,24.818979495576315
783,783,24.929528183177155
784,784,24.85917038614552
785,785,24.319588949561684
786,786,24.336923954338385
787,787,24.980737396772447
788,788,24.711434907268874
789,789,24.68068828600822
790,790,24.922665953647883
791,791,24.869801860956454
792,792,24.649951562170724
793,793,24.342754728070773
794,794,24.391506484795052
795,795,24.791826086527152
796,796,24.937760962888
797,797,24.66518568454874
798,798,24.986421911717827
799,799,25.168693938785648
800,800,25.1669615566155
801,801,25.068892265975602
802,802,24.408001159556072
803,803,24.291072996436316
804,804,24.265957496831874
805,805,24.779975453707408
806,806,24.984801511842313
807,807,24.44392062017248
808,808,25.058009021595446
809,809,25.193860899427186
810,810,25.135083751153406
811,811,25.187996237592458
812,812,25.004668987271085
813,813,25.017978571675837
814,814,24.962537495219138
815,815,25.113030772156225
816,816,24.958688110440814
817,817,25.270500922367198
818,818,25.43002550330043
819,819,25.22204711880709
820,820,24.986714636629046
821,821,25.105746477674096
822,822,25.075278438377477
823,823,25.01577422204678
824,824,25.367907449107896
825,825,25.891088900609184
826,826,26.048934475058537
827,827,25.950697856273052
828,828,25.94656374334041
829,829,25.736542048128577
830,830,25.935425093862783
831,831,25.82602432544003
832,832,25.67376527390008
833,833,25.739747233386957
834,834,25.909892228325177
835,835,26.152768028891174
836,836,25.93243824240564
837,837,25.650094456500785
838,838,25.20259791987924
839,839,25.366881600029178
840,840,25.04596542607572
841,841,24.642352673799575
842,842,24.311385363679936
843,843,24.588126338127122
844,844,24.20445315826423
845,845,24.115924247488998
846,846,24.18938319957395
847,847,24.252798556523764
848,848,23.91571274369437
849,849,23.404904311570913
850,850,23.484988523031955
851,851,23.526011690745076
852,852,23.240757350207925
853,853,23.57098132685685
854,854,23.441175689006734
855,855,23.552451480364542
856,856,23.399845572498833
857,857,23.340445968559834
858,858,23.27212264252444
859,859,23.18413662407126
860,860,22.957310755666384
861,861,22.90833681624639
862,862,22.417387227937116
863,863,22.237217000598395
864,864,22.45590906689349
865,865,22.393810325035354
866,866,22.477631199753304
867,867,22.72598683800564
868,868,23.077221919251386
869,869,23.051444538326855
870,870,22.671639918103665
871,871,22.781028783096254
872,872,22.80088258311938
873,873,22.772621366251972
874,874,22.69537935311719
875,875,22.486036505119735
876,876,22.40427814819447
877,877,22.138217997384327
878,878,22.159074434057853
879,879,22.097654938835753
880,880,22.226429277904185
881,881,22.184796612248416
882,882,22.275854945375634
883,883,22.21981317564666
884,884,21.858454119359724
885,885,21.781342233656357
886,886,21.477119167671486
887,887,21.508970500047496
888,888,21.51204721027869
889,889,21.377752932087933
890,890,21.31427294202038
891,891,21.17793326079885
892,892,21.541275465779407
893,893,21.38197233190169
894,894,21.875183355367575
895,895,21.859618516665567
896,896,21.831512626671064
897,897,22.155693386318696
898,898,22.22046301558978
899,899,22.3511921303263
900,900,22.200022875163835
901,901,22.260848511770778
902,902,22.087221569200246
903,903,21.94939706788517
904,904,21.749734035132473
905,905,21.982610751191427
906,906,22.276021004271595
907,907,22.068627906442057
908,908,21.890084547113467
909,909,21.855628266567365
910,910,21.240319092042274
911,911,21.02245255384932
912,912,21.133453426773304
913,913,20.933760834407185
914,914,20.58148395444426
915,915,20.431324594099937
916,916,20.237883764876997
917,917,20.10843084044984
918,918,20.01163412468842
919,919,20.383617371594518
920,920,20.48520756745747
921,921,20.472920586493707
922,922,20.590646704833542
923,923,20.523575374807624
924,924,20.643235741958776
925,925,20.589887986377285
926,926,20.550476658664834
927,927,20.875350332657195
928,928,20.680891483277822
929,929,20.816329039284113
930,930,20.899043380051705
931,931,20.959210559690003
932,932,21.31076665788579
933,933,21.480678518977168
934,934,21.388897913142824
935,935,21.675515751247907
936,936,21.661575200279398
937,937,21.94714155530419
938,938,21.852055656794484
939,939,21.639886063704036
940,940,21.82839929828474
941,941,21.811667276452138
942,942,22.105065517505167
943,943,22.01020910755642
944,944,22.334125492212895
945,945,22.620794947353346
946,946,22.42188202435331
947,947,22.378576314766047
948,948,22.242381335387268
949,949,22.068216139239205
950,950,22.0020630943632
951,951,22.21475786983822
952,952,21.63973874183207
953,953,21.56344422029305
954,954,21.70405348425357
955,955,21.570190365483793
956,956,21.567366627756172
957,957,21.96999149853224
958,958,21.838320808109433
959,959,21.878833333894374
960,960,22.046570637907475
961,961,21.742805930413102
962,962,21.806292678374366
963,963,21.321683787385684
964,964,21.081096841914626
965,965,20.835886264379
966,966,21.033846580979667
967,967,21.019545195843033
968,968,20.880204871491618
969,969,21.126801634631203
970,970,21.041043773949514
971,971,21.223016365858534
972,972,21.293149338436482
973,973,21.221152642918074
974,974,21.324953091398985
975,975,21.28288288917509
976,976,20.901554390747894
977,977,20.901988781605105
978,978,20.944885280875315
979,979,21.08397930593589
980,980,20.891213556068116
981,981,21.016297943084254
982,982,21.089143091924843
983,983,20.552245243110235
984,984,20.580243956508728
985,985,20.561918694478024
986,986,20.70241866659503
987,987,20.819759941957336
988,988,21.2521562793439
989,989,21.137426529715043
990,990,21.174358548867176
991,991,20.599224924082026
992,992,20.66762616084404
993,993,21.03006846375456
994,994,20.939567513145793
995,995,20.713634940247523
996,996,20.89976857009522
997,997,20.602882343902206
998,998,20.598295245031633
999,999,20.511146414238453
1000,1000,20.39018682473423
1001,1001,20.196174125046184
1002,1002,20.319899975561025
1003,1003,20.097495426795614
1004,1004,19.987121724650187
1005,1005,19.76758218314536
1006,1006,19.739932767951576
1007,1007,19.741531044932298
1008,1008,19.75770063374161
1009,1009,19.909349597490444
1010,1010,19.803051681124998
1011,1011,19.86697297899426
1012,1012,20.026940317978504
1013,1013,19.81379744403424
1014,1014,19.679046496021215
1015,1015,19.633832288911982
1016,1016,19.40808073305003
1017,1017,19.492139228414594
1018,1018,19.737617048829954
1019,1019,19.851506436289373
1020,1020,19.75758624645631
1021,1021,19.631671569947393
1022,1022,19.494042310223126
1023,1023,19.680746178448107
1024,1024,19.66171794980826
1025,1025,19.428905382031758
1026,1026,19.326704850920855
1027,1027,19.303031069359793
1028,1028,19.586791527430258
1029,1029,19.298374025341595
1030,1030,19.619239309773203
1031,1031,19.40742133002685
1032,1032,19.307585290848248
1033,1033,19.343443795591384
1034,1034,19.50504108488443
1035,1035,19.545940382298756
1036,1036,19.424023927597638
1037,1037,19.564409293616034
1038,1038,19.302043392992232
1039,1039,19.54754867631268
1040,1040,19.565248796558915
1041,1041,19.517349004575482
1042,1042,19.689100402404176
1043,1043,19.51091684649101
1044,1044,19.631865044221563
1045,1045,19.338188019176744
1046,1046,19.50748679012563
1047,1047,19.603151609450244
1048,1048,19.78345468999114
1049,1049,19.911373595641315
1050,1050,19.808624729750946
1051,1051,19.795475294401086
1052,1052,19.594066601345105
1053,1053,19.531047146699663
1054,1054,19.66968412929217
1055,1055,19.83737534756053
1056,1056,19.613480783768402
1057,1057,19.564174214842584
1058,1058,19.490532370340915
1059,1059,19.407831651376572
1060,1060,19.270857705457455
1061,1061,19.424978682556002
1062,1062,19.50553869227697
1063,1063,19.633695052557734
1064,1064,19.452023872544423
1065,1065,19.221563378872116
1066,1066,19.173925482766975
1067,1067,19.274890982015652
1068,1068,19.07894993096961
1069,1069,19.205823667996093
1070,1070,19.298271706906082
1071,1071,19.32489264557664
1072,1072,19.24688585944747
1073,1073,19.475148029904503
1074,1074,19.49599198234283
1075,1075,19.407215405257702
1076,1076,19.441586950901293
1077,1077,19.4359378149572
1078,1078,19.22094087922371
1079,1079,19.25610828758159
1080,1080,19.0671704679301
1081,1081,18.830806387452952
1082,1082,19.013958489217785
1083,1083,19.147523962834494
1084,1084,19.30265707551816
1085,1085,19.453619233797518
1086,1086,19.286582866962263
1087,1087,18.929973175391748
1088,1088,19.018668620451255
1089,1089,19.08420814900279
1090,1090,19.26026721239001
1091,1091,19.080072299545613
1092,1092,19.360380146077343
1093,1093,19.508932665670287
1094,1094,19.897377635060355
1095,1095,19.878502283060914
1096,1096,19.71653221914005
1097,1097,20.054364134368804
1098,1098,19.793170379695393
1099,1099,19.656146191017143
1100,1100,19.903271317268537
1101,1101,20.15337883495154
1102,1102,20.158094188398515
1103,1103,20.50167216670264
1104,1104,20.735619873058006
1105,1105,20.532991137192276
1106,1106,20.293640918593937
1107,1107,20.48952527222357
1108,1108,20.482502976512794
1109,1109,20.47694204937161
1110,1110,20.470929278694296
1111,1111,20.614306819281754
1112,1112,20.552875924680333
1113,1113,20.54187162250417
1114,1114,20.43092294733391
1115,1115,20.527363647008322
1116,1116,20.593505647978773
1117,1117,20.368235783635875
1118,1118,20.206632749834373
1119,1119,20.193895305687413
1120,1120,20.101581880074306
1121,1121,19.75606211377526
1122,1122,19.485949825264097
1123,1123,19.555890499525354
1124,1124,19.525629337186707
1125,1125,19.452652086379253
1126,1126,19.45040905279424
1127,1127,19.5148216628639
1128,1128,19.64731804037897
1129,1129,19.648580368007707
1130,1130,19.659568391153467
1131,1131,19.540286552758108
1132,1132,19.882906400390834
1133,1133,19.747493979798875
1134,1134,19.57583887279647
1135,1135,19.616486447921847
1136,1136,19.90340497097426
1137,1137,20.031950560595043
1138,1138,19.82946488598668
1139,1139,20.30798325103302
1140,1140,20.307352878443847
1141,1141,20.429503017039334
1142,1142,20.117966475290487
1143,1143,20.28207985320339
1144,1144,19.994245922372503
1145,1145,19.83410279609143
1146,1146,20.289968422579513
1147,1147,20.080231225501965
1148,1148,20.204074571378584
1149,1149,20.100170663748294
1150,1150,20.263155536225888
1151,1151,20.429971823582605
1152,1152,20.41450603461076
1153,1153,20.318163328305868
1154,1154,20.32875132921233
1155,1155,20.36014277863666
1156,1156,20.39828515066974
1157,1157,20.454292485641624
1158,1158,20.28494422729648
1159,1159,20.225214482266544
1160,1160,20.106377316604306
1161,1161,19.995953497680503
1162,1162,19.681129237258155
1163,1163,19.441573131450802
1164,1164,19.0174300715717
1165,1165,19.0093083184719
1166,1166,18.99242437543531
1167,1167,18.936902565670618
1168,1168,18.85475532518446
1169,1169,18.93000719091647
1170,1170,18.738632886890983
1171,1171,18.82305996992185
1172,1172,19.054349453251227
1173,1173,18.92330223075264
1174,1174,18.956123087878368
1175,1175,19.34230744431138
1176,1176,19.081474175327465
1177,1177,19.22106952365429
1178,1178,19.063834842635053
1179,1179,18.890377768755855
1180,1180,19.02123790637312
1181,1181,18.90750256962535
1182,1182,18.57181630211178
1183,1183,18.55269251906807
1184,1184,18.837591301018396
1185,1185,18.811382045849665
1186,1186,18.933197567379445
1187,1187,18.851476011344754
1188,1188,18.807191673956222
1189,1189,18.752560803489434
1190,1190,18.972472771628826
1191,1191,19.181955234827516
1192,1192,18.86764252247282
1193,1193,19.02107688363565
1194,1194,19.164155641933952
1195,1195,19.0298001820277
1196,1196,18.92047268711582
1197,1197,19.04310731315365
1198,1198,19.15876299501883
1199,1199,19.22987325696955
1200,1200,19.421065079307596
1201,1201,19.47904129685333
1202,1202,19.576973338175357
1203,1203,19.770712517337433
1204,1204,19.874396609834186
1205,1205,19.642772277874588
1206,1206,19.543714139398325
1207,1207,19.556988941283524
1208,1208,19.579695150320653
1209,1209,19.689482094380143
1210,1210,19.594508527495687
1211,1211,19.3055274981011
1212,1212,19.229025851961232
1213,1213,19.2496505284728
1214,1214,19.446433957018975
1215,1215,19.466594518161376
1216,1216,19.4817347595392
1217,1217,20.002661189015196
1218,1218,19.868150225167867
1219,1219,19.582780632016345
1220,1220,19.85563313879005
1221,1221,19.46365483298695
1222,1222,19.52889934498376
1223,1223,19.66409952988428
1224,1224,19.500631938964602
1225,1225,19.354074066838887
1226,1226,19.120003909806826
1227,1227,19.20710492265447
1228,1228,19.575317617079527
1229,1229,19.556303317471855
1230,1230,19.69918849435288
1231,1231,19.39471452553167
1232,1232,19.307188850211077
1233,1233,19.635809138927694
1234,1234,19.57478060630904
1235,1235,19.410787378128934
1236,1236,19.615121810982973
1237,1237,19.593454517739744
1238,1238,19.73131678410328
1239,1239,19.628345524710607
1240,1240,19.650823447517446
1241,1241,19.542666764566437
1242,1242,19.618608190292363
1243,1243,19.482992216692
1244,1244,19.441420721954504
1245,1245,19.571275118380182
1246,1246,19.36858228073267
1247,1247,19.46932867988357
1248,1248,19.69363413357621
1249,1249,19.467669493068414
1250,1250,19.5071599432966
1251,1251,19.173349799480018
1252,1252,19.328437789915732
1253,1253,19.016411300068256
1254,1254,19.029263890696562
1255,1255,18.809444377672165
1256,1256,18.745873152587915
1257,1257,18.82157667101034
1258,1258,18.647312490524726
1259,1259,18.643864706773456
1260,1260,18.05348139158777
1261,1261,18.36357125105499
1262,1262,18.301808336157606
1263,1263,18.560801687770294
1264,1264,18.519869067004624
1265,1265,18.218997881592433
1266,1266,18.225878106186574
1267,1267,18.387617068893192
1268,1268,18.60195029474273
1269,1269,18.614406984776664
1270,1270,18.516386104016398
1271,1271,18.360697742308833
1272,1272,18.177252307636085
1273,1273,17.971435687022883
1274,1274,17.813458449389948
1275,1275,17.865835713467884
1276,1276,17.733851387350462
1277,1277,17.717076627880495
1278,1278,17.63401921901577
1279,1279,17.280657394600837
1280,1280,17.274395262827717
1281,1281,17.169281397924617
1282,1282,17.064470768948794
1283,1283,16.78851974099535
1284,1284,16.561837489751035
1285,1285,16.44271239644548
1286,1286,16.69466761641299
1287,1287,17.033859261353047
1288,1288,16.830366775430203
1289,1289,17.164399579621495
1290,1290,17.120078726313025
1291,1291,17.4803319211364
1292,1292,17.4611374466091
1293,1293,17.472055827273714
1294,1294,17.37927922185868
1295,1295,17.21828339006639
1296,1296,17.221348739170924
1297,1297,17.209007648780606
1298,1298,17.155207740924002
1299,1299,17.180697986272772
1300,1300,17.550329450536527
1301,1301,17.784072947532906
1302,1302,17.516332787847745
1303,1303,17.597299420046625
1304,1304,17.844152867316087
1305,1305,17.631014945280373
1306,1306,17.391260918867633
1307,1307,17.483368339987315
1308,1308,17.53570704829258
1309,1309,17.633359752803962
1310,1310,17.684520304121335
1311,1311,17.619067108932942
1312,1312,17.64085930757017
1313,1313,17.666488765886143
1314,1314,17.589599087357833
1315,1315,17.618113817614592
1316,1316,17.606654167304562
1317,1317,17.420095511687535
1318,1318,17.27136600026828
1319,1319,17.28461721167851
1320,1320,17.22931468734484
1321,1321,17.248807101859573
1322,1322,17.204633274931773
1323,1323,17.094010383715403
1324,1324,16.872000796076854
1325,1325,16.84710036351118
1326,1326,16.99638935215877
1327,1327,17.413297181587566
1328,1328,17.484244282473465
1329,1329,17.34933081369859
1330,1330,17.569315414278073
1331,1331,17.41517402057547
1332,1332,17.607563863259173
1333,1333,17.726723846772334
1334,1334,17.493787901592434
1335,1335,17.559793509000837
1336,1336,17.51307240297491
1337,1337,17.649833504190866
1338,1338,17.443053359944557
1339,1339,17.772841911606747
1340,1340,17.77258227665105
1341,1341,17.701503216171496
1342,1342,17.75593464851074
1343,1343,17.732425894140828
1344,1344,17.694591938078652
1345,1345,18.005399114206607
1346,1346,17.921134159101324
1347,1347,17.86943798839506
1348,1348,17.795368640607975
1349,1349,17.662680507265726
1350,1350,17.554586182264845
1351,1351,17.503422733526413
1352,1352,17.323540710823618
1353,1353,17.472595091359626
1354,1354,17.812898583794894
1355,1355,17.683661295412026
1356,1356,17.696223022303233
1357,1357,17.58994250818508
1358,1358,17.74957691663096
1359,1359,17.825027887338376
1360,1360,17.721690456520637
1361,1361,17.668805594566198
1362,1362,17.78268493663894
1363,1363,17.62859655614598
1364,1364,17.887537754162587
1365,1365,17.864807748901995
1366,1366,17.826450637350423
1367,1367,17.961107133458754
1368,1368,18.080144960794325
1369,1369,18.07889918253334
1370,1370,17.880800966455645
1371,1371,17.85244957128392
1372,1372,18.174358033585744
1373,1373,18.04232487847978
1374,1374,17.859680673582954
1375,1375,18.106533582218304
1376,1376,18.31684583741051
1377,1377,18.224555123154104
1378,1378,18.02931073969609
1379,1379,18.054279440142846
1380,1380,18.393118204047298
1381,1381,18.164203812727497
1382,1382,18.02559235533865
1383,1383,18.229127717218006
1384,1384,18.378570538719465
1385,1385,18.502041611014782
1386,1386,18.665610613157273
1387,1387,18.458681886134947
1388,1388,18.699746150438095
1389,1389,18.91249150704346
1390,1390,18.89614478843596
1391,1391,18.82592622652395
1392,1392,19.139214420715557
1393,1393,19.120869955338478
1394,1394,18.850295927144025
1395,1395,18.785124155768518
1396,1396,18.671259110262067
1397,1397,18.7473954811138
1398,1398,18.76136854714955
1399,1399,18.68668163700352
1400,1400,18.855227472807538
1401,1401,18.539402958541302
1402,1402,18.63770421390905
1403,1403,18.620807966434864
1404,1404,18.587724840706763
1405,1405,18.47629447920708
1406,1406,18.476077958786224
1407,1407,18.89491294043686
1408,1408,19.34747994517981
1409,1409,19.415211376216437
1410,1410,19.628303491204065
1411,1411,19.719321047371
1412,1412,19.670454029865354
1413,1413,19.6567943995632
1414,1414,19.53164779687601
1415,1415,19.465680234153577
1416,1416,19.365652736246204
1417,1417,19.297813190203506
1418,1418,19.22113500281945
1419,1419,19.135412140271427
1420,1420,19.1036344796933
1421,1421,19.473193586612037
1422,1422,19.67274591634867
1423,1423,19.626986230738137
1424,1424,19.567020075042205
1425,1425,19.690198295690127
1426,1426,19.79046059735035
1427,1427,19.689101246584343
1428,1428,19.580786743375644
1429,1429,19.18011006074319
1430,1430,19.537241198533547
1431,1431,19.80230906628093
1432,1432,19.662039857843453
1433,1433,20.083675402793073
1434,1434,20.023885482980738
1435,1435,20.023764530707126
1436,1436,20.105279990250786
1437,1437,20.22582224260519
1438,1438,20.617950742494493
1439,1439,20.257441428406345
1440,1440,20.697994174198215
1441,1441,20.766305447380216
1442,1442,21.12403710779684
1443,1443,21.078001916987635
1444,1444,21.04382491386857
1445,1445,21.038047162223467
1446,1446,20.90867067732211
1447,1447,20.80489598939744
1448,1448,21.049519009211952
1449,1449,20.93575729056017
1450,1450,20.945253171506657
1451,1451,21.257843900938873
1452,1452,21.080417794432684
1453,1453,20.99399729913484
1454,1454,21.120134779989563
1455,1455,21.17220479320524
1456,1456,21.152565532517784
1457,1457,21.394238888261437
1458,1458,21.640409430241572
1459,1459,21.533382653202363
1460,1460,21.387853717458544
1461,1461,21.269294406970097
1462,1462,21.512229146359537
1463,1463,21.498987652346525
1464,1464,21.546820572913184
1465,1465,21.34976479912856
1466,1466,21.68008306860916
1467,1467,21.43286541207759
1468,1468,21.270006469829383
1469,1469,21.321076666051322
1470,1470,21.42351881774301
1471,1471,21.33686359310782
1472,1472,21.01435602672914
1473,1473,21.100532886581888
1474,1474,21.009874436291806
1475,1475,21.218179217335923
1476,1476,21.2834082292082
1477,1477,21.56113339576178
1478,1478,21.517399010940352
1479,1479,21.722364256717164
1480,1480,21.861140232867793
1481,1481,21.70227349263364
1482,1482,21.54369984440229
1483,1483,21.503515481534265
1484,1484,21.598227036518775
1485,1485,21.51883564431403
1486,1486,21.437919647542664
1487,1487,21.721226871705305
1488,1488,21.658948710969685
1489,1489,21.362863072459792
1490,1490,21.72494432006381
1491,1491,21.227319696889392
1492,1492,21.274554080386817
1493,1493,21.591863799380523
1494,1494,21.188337869236374
1495,1495,21.285363150097815
1496,1496,21.126768983113777
1497,1497,21.461741743125433
1498,1498,21.847037097060227
1499,1499,21.898160476724627
1500,1500,21.79181225876409
1501,1501,21.853546026812907
1502,1502,21.869092211699243
1503,1503,22.077590901044083
1504,1504,22.126244079449076
1505,1505,22.064750486671844
1506,1506,21.77158791916014
1507,1507,21.900446176233498
1508,1508,22.07878949926188
1509,1509,22.241580145146823
1510,1510,22.027947752458726
1511,1511,22.239938635104426
1512,1512,21.812046598782274
1513,1513,21.673810158979762
1514,1514,21.486396454044385
1515,1515,21.419416924351395
1516,1516,21.423171523112654
1517,1517,21.431297320213858
1518,1518,21.268576439839062
1519,1519,21.32696242714036
1520,1520,21.253694933568195
1521,1521,21.344579147135452
1522,1522,21.34180031161756
1523,1523,21.26364606045289
1524,1524,21.325184978224762
1525,1525,21.00914134748093
1526,1526,20.801645252449514
1527,1527,20.83942363498446
1528,1528,20.449483259614322
1529,1529,20.5568847849152
1530,1530,20.73082774260744
1531,1531,20.869316857119028
1532,1532,20.757709618838472
1533,1533,21.088337302823593
1534,1534,20.9452647422994
1535,1535,20.836681966409248
1536,1536,20.952079313079533
1537,1537,20.727230224802902
1538,1538,20.778139852477295
1539,1539,20.7468773741
1540,1540,20.809478416345637
1541,1541,20.693463523989536
1542,1542,20.891600307228035
1543,1543,21.269315556239277
1544,1544,21.36687777043859
1545,1545,21.65366373392933
1546,1546,21.869606082453174
1547,1547,21.39146138075688
1548,1548,21.424003614895952
1549,1549,21.26439781775157
1550,1550,21.48174111740536
1551,1551,21.54201124731843
1552,1552,21.559639764713832
1553,1553,21.76365685320797
1554,1554,21.517643480616563
1555,1555,21.731476484705833
1556,1556,21.849990353629437
1557,1557,21.953949496831406
1558,1558,21.727529658403853
1559,1559,21.911906260682947
1560,1560,21.6703478237245
1561,1561,21.778229182558825
1562,1562,21.725470743930387
1563,1563,21.814634007776387
1564,1564,22.140454803706692
1565,1565,22.186551273140022
1566,1566,21.54969374322589
1567,1567,21.313151698295105
1568,1568,21.259869651040493
1569,1569,21.495475373871905
1570,1570,21.226673769071617
1571,1571,21.30975750834909
1572,1572,21.013335002475237
1573,1573,21.299373754330546
1574,1574,20.925570285885563
1575,1575,21.18308198976881
1576,1576,21.247579476731392
1577,1577,20.97163568453502
1578,1578,21.23596710185766
1579,1579,21.383996783501654
1580,1580,21.242333108205493
1581,1581,21.445115153513814
1582,1582,21.673391170298707
1583,1583,21.886181179203327
1584,1584,21.486272631336483
1585,1585,21.278544815899437
1586,1586,21.091625446982878
1587,1587,20.817563933972036
1588,1588,21.074113006331125
1589,1589,21.562988429645085
1590,1590,21.82514935875576
1591,1591,22.009768951090944
1592,1592,22.099502867833717
1593,1593,22.36178716175425
1594,1594,22.3143702749121
1595,1595,22.178872496075428
1596,1596,22.080611542739078
1597,1597,21.775885156341907
1598,1598,21.740799375569765
1599,1599,21.65296044435383
1600,1600,21.596953042222946
1601,1601,21.715469437581852
1602,1602,21.218188654267458
1603,1603,21.015628275412343
1604,1604,21.15733988956793
1605,1605,21.507591682957813
1606,1606,21.88866646856225
1607,1607,21.89251672624347
1608,1608,22.022988699071774
1609,1609,22.290790360832982
1610,1610,22.368456417293842
1611,1611,22.595067138979243
1612,1612,22.493787474152306
1613,1613,22.197589322491044
1614,1614,22.137604828908962
1615,1615,22.214320994887448
1616,1616,22.249185858653625
1617,1617,22.284432133380978
1618,1618,22.711992780152247
1619,1619,22.50436796500752
1620,1620,22.69096119881823
1621,1621,22.93643729266557
1622,1622,23.0352894781093
1623,1623,22.54973649333249
1624,1624,22.71675648743368
1625,1625,22.76482729262834
1626,1626,22.71112969462601
1627,1627,22.672377760768708
1628,1628,23.152709524101518
1629,1629,23.09073842276946
1630,1630,22.58939141218256
1631,1631,22.821572575100156
1632,1632,22.743411540615732
1633,1633,22.474251174717384
1634,1634,22.512175464553195
1635,1635,22.626564581191833
1636,1636,22.672646803961474
1637,1637,22.38227646212877
1638,1638,22.48516756820251
1639,1639,22.56122828082042
1640,1640,22.14107550162871
1641,1641,22.089400167003767
1642,1642,21.958210560522502
1643,1643,21.593703185203204
1644,1644,21.8636270732665
1645,1645,22.016176256203774
1646,1646,22.1351525334731
1647,1647,21.92113192959687
1648,1648,21.982649227484988
1649,1649,21.913905347224013
1650,1650,22.09447163509411
1651,1651,21.822910714559843
1652,1652,21.71034781182774
1653,1653,21.617628918412034
1654,1654,21.901018327587273
1655,1655,21.96299935217939
1656,1656,21.752335009891667
1657,1657,21.95468165587906
1658,1658,22.24847502435536
1659,1659,22.315378653173923
1660,1660,22.630095182410084
1661,1661,23.018228897578325
1662,1662,23.488304796591542
1663,1663,23.488064815449917
1664,1664,23.681715719211667
1665,1665,23.863977689909273
1666,1666,23.616537545421416
1667,1667,23.5566138696293
1668,1668,23.353890035623007
1669,1669,23.32084669100507
1670,1670,23.279558297241238
1671,1671,23.41665033421325
1672,1672,23.139871435931965
1673,1673,22.988369841076423
1674,1674,22.929914338224915
1675,1675,22.84889191136833
1676,1676,22.636110015200966
1677,1677,22.428895104172188
1678,1678,22.370230952312948
1679,1679,22.39329357899367
1680,1680,22.181986830649397
1681,1681,22.020477910013923
1682,1682,22.315822072935898
1683,1683,22.57702372902575
1684,1684,23.004980362782316
1685,1685,23.028898528730917
1686,1686,23.04706730856237
1687,1687,22.868184295774387
1688,1688,22.82782363064737
1689,1689,22.475510762334547
1690,1690,22.578513284982655
1691,1691,22.777781281229824
1692,1692,22.53176805524503
1693,1693,22.438919224806597
1694,1694,22.53274545325027
1695,1695,22.584126246161638
1696,1696,22.683830858402786
1697,1697,22.567895260255103
1698,1698,22.335849872363987
1699,1699,22.207467853450712
1700,1700,22.062681266190587
1701,1701,21.924132702599227
1702,1702,21.808533955329736
1703,1703,22.037614944018515
1704,1704,22.010078595351885
1705,1705,22.071248107791117
1706,1706,22.068000168968823
1707,1707,22.614123547219492
1708,1708,22.88821646663953
1709,1709,22.990301209492188
1710,1710,23.028251092577776
1711,1711,23.067753059194093
1712,1712,23.113021483437375
1713,1713,23.355378484676088
1714,1714,23.49427444253416
1715,1715,23.691828534131982
1716,1716,23.40203350330843
1717,1717,23.19306385311535
1718,1718,23.059844600058817
1719,1719,22.86281089795334
1720,1720,22.95691196802781
1721,1721,23.11903150317237
1722,1722,23.226422441169547
1723,1723,22.919777116805534
1724,1724,22.942040452800065
1725,1725,23.201442557737487
1726,1726,23.471832683814444
1727,1727,23.408837838087308
1728,1728,23.554852420314486
1729,1729,23.373605756275587
1730,1730,23.24238609209636
1731,1731,22.93770731213811
1732,1732,22.79547970352059
1733,1733,22.73714695095856
1734,1734,22.651066703647796
1735,1735,22.1497998767032
1736,1736,22.364343608537432
1737,1737,22.229506508524594
1738,1738,22.113242350664382
1739,1739,21.859196949571583
1740,1740,21.888506975415392
1741,1741,21.968842965074543
1742,1742,22.38794823743527
1743,1743,22.2036035671062
1744,1744,22.2982378660373
1745,1745,22.195829865506862
1746,1746,22.17952980632869
1747,1747,22.00035018873146
1748,1748,21.98217600121121
1749,1749,21.791706549151314
1750,1750,22.057045876009862
1751,1751,22.158958573224453
1752,1752,22.18028603973824
1753,1753,21.803502404377674
1754,1754,21.852585904627635
1755,1755,21.774558917364836
1756,1756,21.74906205577224
1757,1757,21.919005880559496
1758,1758,21.595861107016365
1759,1759,21.61446720072252
1760,1760,21.725966928436062
1761,1761,21.497489732986754
1762,1762,21.45812473123285
1763,1763,21.451666812959065
1764,1764,21.083485291367175
1765,1765,21.424242220291653
1766,1766,21.308202530722898
1767,1767,21.39941917141735
1768,1768,21.177225661816358
1769,1769,21.045908623473967
1770,1770,21.242737348830833
1771,1771,21.288676540508312
1772,1772,21.519624752251556
1773,1773,21.566525072881408
1774,1774,21.216851738810536
1775,1775,21.246899266486768
1776,1776,21.49755590115138
1777,1777,21.361488590383235
1778,1778,21.47584582562762
1779,1779,21.16069463236306
1780,1780,21.08028916986216
1781,1781,21.263294745715726
1782,1782,21.31703040557058
1783,1783,20.85489159100407
1784,1784,20.84874088015322
1785,1785,20.812334855283126
1786,1786,20.502233045591996
1787,1787,20.587968020049917
1788,1788,20.488677900084863
1789,1789,20.463485149254193
1790,1790,20.545072696990548
1791,1791,20.79967235177104
1792,1792,20.8239492563797
1793,1793,20.70017544031157
1794,1794,20.811228377307852
1795,1795,20.959275666867395
1796,1796,20.959906398321266
1797,1797,21.23433095713877
1798,1798,21.45483113319926
1799,1799,21.624656083976603
1800,1800,21.883545765836722
1801,1801,21.905626754225782
1802,1802,21.545649912690788
1803,1803,21.61454046218292
1804,1804,21.473009996589013
1805,1805,21.402601243512834
1806,1806,21.491021113995867
1807,1807,21.49664088529167
1808,1808,21.33846050166485
1809,1809,21.340410064069893
1810,1810,21.037996022757888
1811,1811,21.122728405898894
1812,1812,20.93077028608239
1813,1813,20.725583448060053
1814,1814,20.805657609868252
1815,1815,20.816817684128765
1816,1816,20.61354455596761
1817,1817,20.44098881812231
1818,1818,20.48867489179277
1819,1819,20.55207848878607
1820,1820,20.182966559886857
1821,1821,20.430218577327953
1822,1822,19.966855457559987
1823,1823,20.1209260638389
1824,1824,19.853031796275673
1825,1825,19.87533646786741
1826,1826,19.484431277363775
1827,1827,19.196572674289825
1828,1828,18.868437855030233
1829,1829,18.93158742138855
1830,1830,18.87865370868912
1831,1831,19.040044359925265
1832,1832,19.2858269978238
1833,1833,19.463906909660963
1834,1834,19.231663537160795
1835,1835,19.308895311511264
1836,1836,19.358587769777017
1837,1837,19.292566999740004
1838,1838,19.0917628130598
1839,1839,18.694494615960352
1840,1840,18.590662835229544
1841,1841,18.51496427044304
1842,1842,18.521534867832116
1843,1843,18.662643517160966
1844,1844,18.355907924732787
1845,1845,18.30677139912992
1846,1846,18.72411799171207
1847,1847,18.586702132597583
1848,1848,18.6684992058347
1849,1849,18.64046358608977
1850,1850,18.884443374122586
1851,1851,18.533364236926275
1852,1852,18.422405957920713
1853,1853,18.577230774947477
1854,1854,18.673720888837956
1855,1855,18.376313789724286
1856,1856,18.23312787838293
1857,1857,18.19493091121358
1858,1858,17.992058348497668
1859,1859,18.210444502711375
1860,1860,18.001102591076748
1861,1861,18.09812706118582
1862,1862,17.971429792022445
1863,1863,18.01806812150624
1864,1864,18.22008082158625
1865,1865,17.984850931120377
1866,1866,17.99826766573071
1867,1867,17.806278854734437
1868,1868,17.581398980349622
1869,1869,17.82527033317325
1870,1870,17.92995799031264
1871,1871,18.005605528369223
1872,1872,17.947190585043742
1873,1873,17.809400348150753
1874,1874,17.785169088651646
1875,1875,17.968864624367832
1876,1876,17.820093463410362
1877,1877,18.15849525234629
1878,1878,18.138904753687534
1879,1879,17.977674266010656
1880,1880,18.092830659206793
1881,1881,17.802904174885526
1882,1882,18.21193975540909
1883,1883,18.28840309807569
1884,1884,18.372993109423074
1885,1885,18.44504043847729
1886,1886,18.351775177766424
1887,1887,18.18704836064394
1888,1888,18.384610468870086
1889,1889,18.72637637449567
1890,1890,18.641445427314334
1891,1891,18.48323786684988
1892,1892,18.729068122758903
1893,1893,19.0242272768087
1894,1894,19.00895866759547
1895,1895,18.983589202286318
1896,1896,19.361150932392817
1897,1897,19.20358631264999
1898,1898,19.32562962874606
1899,1899,18.785888225488378
1900,1900,19.083212988014008
1901,1901,19.003002978523774
1902,1902,19.039286202434944
1903,1903,19.20741903458515
1904,1904,19.26511743871994
1905,1905,19.166575021004494
1906,1906,19.27799156065802
1907,1907,19.65991391542036
1908,1908,19.588710138934307
1909,1909,19.82326601649101
1910,1910,20.07392505842393
1911,1911,20.514290177785004
1912,1912,20.79289133827939
1913,1913,21.328879457893315
1914,1914,21.34113842743519
1915,1915,21.339544215697494
1916,1916,21.27530966372373
1917,1917,21.292043329059535
1918,1918,21.130460535482925
1919,1919,21.152635363443864
1920,1920,21.32846920955028
1921,1921,21.597837539920633
1922,1922,21.804960840442224
1923,1923,22.052947798597536
1924,1924,21.660319289053582
1925,1925,21.812589781125357
1926,1926,21.360414257816398
1927,1927,21.490817523840228
1928,1928,21.8334588477882
1929,1929,21.650041555301698
1930,1930,21.479044468888514
1931,1931,21.443819697589
1932,1932,21.602733594566153
1933,1933,21.854654303644455
1934,1934,21.67209630391415
1935,1935,21.17863718752377
1936,1936,21.60360162961868
1937,1937,21.440910272549516
1938,1938,21.707378337483686
1939,1939,21.9229570837429
1940,1940,22.160535738051966
1941,1941,22.377241310523956
1942,1942,22.402593387566785
1943,1943,22.18871086671712
1944,1944,22.240401919077723
1945,1945,22.181078229175444
1946,1946,22.363866611728703
1947,1947,22.21940880459813
1948,1948,21.621076053736004
1949,1949,21.719365772044096
1950,1950,22.074671297299627
1951,1951,22.287529116663826
1952,1952,22.0189576205199
1953,1953,22.433114233868924
1954,1954,22.296516009182252
1955,1955,22.11260992195285
1956,1956,22.28660869495944
1957,1957,22.398692975781245
1958,1958,22.116438011515378
1959,1959,22.00512407541338
1960,1960,21.932157774371944
1961,1961,22.037580981908462
1962,1962,21.873788728954345
1963,1963,21.820994102583995
1964,1964,21.867221991626632
1965,1965,21.785024360827517
1966,1966,21.748315534412793
1967,1967,21.874506724728217
1968,1968,21.711119964876662
1969,1969,21.721371144352748
1970,1970,21.71966891730343
1971,1971,21.80710547263598
1972,1972,22.247325327453687
1973,1973,22.19341460976703
1974,1974,22.61090746395991
1975,1975,22.691195975168373
1976,1976,22.80398666707276
1977,1977,22.938105878132937
1978,1978,23.147906147701892
1979,1979,23.05079717318671
1980,1980,23.24064334365233
1981,1981,22.923261011704444
1982,1982,23.113543396848012
1983,1983,22.911571773668495
1984,1984,23.43507336550115
1985,1985,23.127877735292078
1986,1986,22.991327370562303
1987,1987,22.885350379735357
1988,1988,22.5999336303345
1989,1989,22.754665438294698
1990,1990,22.683357696365423
1991,1991,22.90215576489598
1992,1992,22.783973144873222
1993,1993,22.51647788993244
1994,1994,22.74974090928934
1995,1995,22.746807702041487
1996,1996,23.09799432201717
1997,1997,23.39500131129192
1998,1998,23.754845718166802
1999,1999,23.762336056644173
2000,2000,23.61750085239
2001,2001,23.842150796322283
2002,2002,23.856119915046254
2003,2003,23.913352304335135
2004,2004,23.990747714224742
2005,2005,24.264135300617674
2006,2006,23.891480897675372
2007,2007,23.80633986348314
2008,2008,23.338911478302805
2009,2009,23.477675713969766
2010,2010,23.404568047483366
2011,2011,23.504629698794314
2012,2012,23.74552509531166
2013,2013,23.603023572346693
2014,2014,23.6832369339164
2015,2015,23.716409063142383
2016,2016,23.793001246496466
2017,2017,23.84111278076732
2018,2018,23.799233656201057
2019,2019,23.81341181646488
2020,2020,23.608561783089293
2021,2021,23.390428818880967
2022,2022,23.201937951212916
2023,2023,23.47237780525105
2024,2024,23.893314439324108
2025,2025,23.936253243241815
2026,2026,24.263553027271595
2027,2027,24.26086369423281
2028,2028,24.029019819350676
2029,2029,23.893084227596944
2030,2030,23.92179234888593
2031,2031,24.124652635282903
2032,2032,23.88739249462819
2033,2033,24.22987288359394
2034,2034,24.367767782086215
2035,2035,24.498424638208796
2036,2036,24.569015185673535
2037,2037,24.452235321631292
2038,2038,24.15190780083068
2039,2039,23.618638937815803
2040,2040,23.874191257790095
2041,2041,24.135767504143097
2042,2042,24.181400719135667
2043,2043,23.855166003987357
2044,2044,23.457541574662223
2045,2045,23.374439440992283
2046,2046,23.288781110022708
2047,2047,23.242721974391024
2048,2048,23.272257727868386
2049,2049,23.28266432120417
2050,2050,23.812233802087007
2051,2051,23.59769293891919
2052,2052,22.862350334731506
2053,2053,23.06646242282634
2054,2054,23.70741327262779
2055,2055,23.935572253492538
2056,2056,23.970684027272362
2057,2057,23.898553759104065
2058,2058,23.81012540094705
2059,2059,23.63482815837575
2060,2060,23.506589490649148
2061,2061,23.213781536214128
2062,2062,23.43528500486048
2063,2063,22.743022315602932
2064,2064,22.564343737336817
2065,2065,22.40968853644772
2066,2066,22.265518092961205
2067,2067,22.472645605923578
2068,2068,22.323757762674386
2069,2069,22.892268227384637
2070,2070,22.928323836165806
2071,2071,22.617095843538984
2072,2072,22.920037919234623
2073,2073,22.97056290440737
2074,2074,22.753773220495095
2075,2075,22.979080852839797
2076,2076,23.19125411553238
2077,2077,23.28175774653269
2078,2078,23.612623384473043
2079,2079,23.446019637253745
2080,2080,23.396012489803017
2081,2081,23.63948777082012
2082,2082,23.544041840430715
2083,2083,23.668097154410876
2084,2084,23.70466884204389
2085,2085,24.027515683874103
2086,2086,24.26808502367145
2087,2087,24.426378229480807
2088,2088,24.450775123306183
2089,2089,24.389894530526103
2090,2090,24.571913875435577
2091,2091,24.48306139471224
2092,2092,24.403967213216582
2093,2093,24.192759198004612
2094,2094,24.142022041503726
2095,2095,24.503347331601642
2096,2096,24.63627874810626
2097,2097,24.53669010922813
2098,2098,24.21367093374011
2099,2099,24.459922065384912
2100,2100,24.17560310438969
2101,2101,24.173045548343314
2102,2102,24.405984876172813
2103,2103,23.850910924454347
2104,2104,23.33799700660463
2105,2105,23.065912465322228
2106,2106,22.946963214073644
2107,2107,22.779171839333497
2108,2108,23.031555498224147
2109,2109,22.779660818923418
2110,2110,22.80193143834226
2111,2111,22.83828718884027
2112,2112,22.464604641624454
2113,2113,22.47800641474999
2114,2114,22.561667013463975
2115,2115,22.320640866227578
2116,2116,22.08570121400537
2117,2117,22.300207511450967
2118,2118,22.124432790521936
2119,2119,21.79224936801771
2120,2120,22.14423315845211
2121,2121,22.053377618257695
2122,2122,22.286589569491742
2123,2123,22.046667185832426
2124,2124,21.679571048442437
2125,2125,21.65501592905641
2126,2126,21.616644085116068
2127,2127,21.85698713776342
2128,2128,21.8621964223725
2129,2129,21.936414410268625
2130,2130,21.39053050009865
2131,2131,21.56449451525802
2132,2132,21.097613183509658
2133,2133,21.03355869731028
2134,2134,21.274570237374114
2135,2135,21.200057284947214
2136,2136,21.143139929726395
2137,2137,21.34634849882673
2138,2138,20.954939065551017
2139,2139,20.914365295608743
2140,2140,20.653744750861332
2141,2141,20.379776072394996
2142,2142,20.328230900890897
2143,2143,20.38338335636743
2144,2144,19.70060542241652
2145,2145,19.477714358901668
2146,2146,19.443492223746023
2147,2147,18.975480970298403
2148,2148,19.017239692827506
2149,2149,18.85292338851194
2150,2150,18.977610406812996
2151,2151,18.820147218016217
2152,2152,18.860376548382686
2153,2153,18.87846812406763
2154,2154,18.792092745400005
2155,2155,18.861312046217236
2156,2156,18.60662954775884
2157,2157,18.498635229831276
2158,2158,18.273115261825662
2159,2159,18.190410651507698
2160,2160,18.08211722262014
2161,2161,18.318395211235046
2162,2162,18.252650427866516
2163,2163,18.221164257947386
2164,2164,18.402384791234685
2165,2165,18.515956760501073
2166,2166,18.58993623878135
2167,2167,19.023896894232177
2168,2168,19.16829067123666
2169,2169,19.207354169127207
2170,2170,18.871220768169877
2171,2171,18.50099713391564
2172,2172,18.559262962190264
2173,2173,18.60373058146445
2174,2174,18.713983924978187
2175,2175,18.783391509834008
2176,2176,18.940020294287365
2177,2177,18.976176214272932
2178,2178,19.248526307972124
2179,2179,19.70139122520361
2180,2180,19.876894093497494
2181,2181,20.12254470216879
2182,2182,20.260566425634323
2183,2183,20.34280033126627
2184,2184,20.47398252584196
2185,2185,20.598249078726656
2186,2186,20.38844826068554
2187,2187,20.441970019885197
2188,2188,20.346961751385933
2189,2189,20.359694453970295
2190,2190,20.358975479847246
2191,2191,20.525116178543563
2192,2192,20.16714125457876
2193,2193,20.02568345794793
2194,2194,19.931200507544176
2195,2195,19.60169258062224
2196,2196,19.47286228988937
2197,2197,19.348839665259693
2198,2198,19.32176387245838
2199,2199,19.395177395986504
2200,2200,19.039859196548644
2201,2201,19.036487981236704
2202,2202,19.094696206939453
2203,2203,19.23090970794544
2204,2204,19.059839236327644
2205,2205,19.086365078611006
2206,2206,19.126387195211972
2207,2207,19.026507296623944
2208,2208,19.217267812884838
2209,2209,18.880863698550197
2210,2210,18.69635074630118
2211,2211,18.4328780678972
2212,2212,18.209486754344198
2213,2213,18.174635008548368
2214,2214,18.26934727071538
2215,2215,18.88484127873345
2216,2216,18.842019186565466
2217,2217,18.557116389044015
2218,2218,18.665802382588353
2219,2219,18.470893589443758
2220,2220,18.641378760869742
2221,2221,18.25037219356211
2222,2222,18.097309158722368
2223,2223,18.304310975825814
2224,2224,18.48875201480546
2225,2225,18.402469032505888
2226,2226,18.279929785459103
2227,2227,18.370850066057834
2228,2228,18.607136019922596
2229,2229,18.643091068643127
2230,2230,18.928974322246898
2231,2231,18.68232234734575
2232,2232,18.689711479630834
2233,2233,18.560861786220237
2234,2234,18.725161505348105
2235,2235,18.65403495020508
2236,2236,18.66227952331909
2237,2237,18.622587203480307
2238,2238,18.797764678717183
2239,2239,18.68575142755812
2240,2240,18.748506878747005
2241,2241,18.97075378224384
2242,2242,19.041178515855673
2243,2243,19.214164641111942
2244,2244,19.234284960611706
2245,2245,19.48518503738521
2246,2246,19.289989029994867
2247,2247,19.572804921961225
2248,2248,19.80737595863396
2249,2249,19.572709981880923
2250,2250,19.42303900155691
2251,2251,19.497962525949138
2252,2252,19.39748499778728
2253,2253,19.27133231559676
2254,2254,19.306352744391912
2255,2255,19.772442595140905
2256,2256,19.75420251946582
2257,2257,19.892898678533154
2258,2258,19.70103874945207
2259,2259,19.56225566123089
2260,2260,19.9021489112573
2261,2261,20.00845339868934
2262,2262,20.0712075303517
2263,2263,20.11863836732299
2264,2264,19.94067953982087
2265,2265,20.151060344240882
2266,2266,20.122257216235603
2267,2267,20.39207646325623
2268,2268,20.26075744191572
2269,2269,20.460791984634625
2270,2270,20.484850563419894
2271,2271,20.74147173150127
2272,2272,20.817150242751268
2273,2273,20.660979995577605
2274,2274,20.698101368229636
2275,2275,21.26870592072332
2276,2276,20.58591778643434
2277,2277,20.55272478139521
2278,2278,20.26382827061318
2279,2279,20.284826254218693
2280,2280,20.30874664550011
2281,2281,20.10967629413438
2282,2282,20.14792564248126
2283,2283,20.189222684856073
2284,2284,20.055133357617613
2285,2285,20.40195768600637
2286,2286,20.381556893627526
2287,2287,20.170887707559434
2288,2288,19.928975868385596
2289,2289,19.832901059171615
2290,2290,19.572983032659696
2291,2291,19.678383077602714
2292,2292,19.573412287764427
2293,2293,19.566044208952196
2294,2294,19.80208424647446
2295,2295,19.559968466933793
2296,2296,19.280030262591612
2297,2297,19.397394516645203
2298,2298,19.154161136160003
2299,2299,19.099708756133865
2300,2300,19.10251811313629
2301,2301,19.01566811220016
2302,2302,19.035625373682272
2303,2303,18.912937434296524
2304,2304,18.70303538874909
2305,2305,18.830980599606033
2306,2306,18.856277933188437
2307,2307,19.06366115674909
2308,2308,18.879723624544816
2309,2309,18.8694358718109
2310,2310,18.84121330112344
2311,2311,18.586832009610145
2312,2312,18.812304683093295
2313,2313,19.04132734514361
2314,2314,18.835570839879566
2315,2315,18.684394288736165
2316,2316,18.26780990534557
2317,2317,18.04911294031386
2318,2318,18.156670310206938
2319,2319,18.150584946576853
2320,2320,18.07471660028893
2321,2321,18.36111125132044
2322,2322,18.18841334976888
2323,2323,18.63271335435627
2324,2324,18.715734676296904
2325,2325,18.709219218429574
2326,2326,18.690830406075317
2327,2327,18.510798054813883
2328,2328,18.488588362451033
2329,2329,19.0681542950308
2330,2330,18.849341416044417
2331,2331,18.884676742270965
2332,2332,19.11036408322666
2333,2333,19.24347413174965
2334,2334,19.266927557638613
2335,2335,19.36123360522703
2336,2336,19.221362932715348
2337,2337,19.37755605889362
2338,2338,19.386235182062933
2339,2339,19.40472223921521
2340,2340,19.459377131737458
2341,2341,19.20510537312771
2342,2342,19.268668249014944
2343,2343,19.301785727492984
2344,2344,19.724608943330402
2345,2345,19.58240073305135
2346,2346,20.004464125730642
2347,2347,19.896726307735907
2348,2348,19.99207159250269
2349,2349,19.82589742625092
2350,2350,19.96387471835973
2351,2351,19.759028897900766
2352,2352,19.448180996850848
2353,2353,19.654242237030143
2354,2354,19.911545556745867
2355,2355,19.833765020462984
2356,2356,19.904766006949615
2357,2357,19.97758628086656
2358,2358,19.87536417610586
2359,2359,19.782020481168406
2360,2360,19.619655376216826
2361,2361,19.368067800380807
2362,2362,19.539377072226046
2363,2363,19.621708501684576
2364,2364,19.341119394115772
2365,2365,18.982207955878927
2366,2366,19.08526883748647
2367,2367,19.222114488172707
2368,2368,18.835048550798295
2369,2369,18.793586836493667
2370,2370,18.88009217778038
2371,2371,18.87195580597365
2372,2372,19.03211350101526
2373,2373,18.699876027367296
2374,2374,18.45941702042999
2375,2375,18.68838111334893
2376,2376,18.41279839895369
2377,2377,18.3927522125287
2378,2378,18.40207994411858
2379,2379,18.455906873699586
2380,2380,18.605949664399265
2381,2381,18.59359907874499
2382,2382,18.83374087983671
2383,2383,18.827108229087923
2384,2384,18.396247731470385
2385,2385,18.570448427138363
2386,2386,18.49233730359244
2387,2387,18.93108478545694
2388,2388,18.96704295976212
2389,2389,19.072378858692897
2390,2390,19.031837374181286
2391,2391,18.932331747024495
2392,2392,18.90190673369059
2393,2393,18.898414934104117
2394,2394,18.81890907531022
2395,2395,18.842538577991604
2396,2396,18.87071065853037
2397,2397,18.680234528597744
2398,2398,18.72581030685898
2399,2399,18.83184838795232
